[
  {
    "id": "ae",
    "name": "AE",
    "embedUrl": "https://embedtv-0.icu/ae",
    "category": "Entretenimento",
    "logo": "ae_logo.png"
  },
  {
    "id": "axn",
    "name": "AXN",
    "embedUrl": "https://embedtv-0.icu/axn",
    "category": "Filmes e Séries",
    "logo": "axn_logo.png"
  },
  {
    "id": "adultswim",
    "name": "Adult Swim",
    "embedUrl": "https://embedtv-0.icu/adultswim",
    "category": "Entretenimento",
    "logo": "adultswim_logo.png"
  },
  {
    "id": "animalplanet",
    "name": "Animal Planet",
    "embedUrl": "https://embedtv-0.icu/animalplanet",
    "category": "Documentários",
    "logo": "animalplanet_logo.png"
  },
  {
    "id": "aparecida",
    "name": "Aparecida",
    "embedUrl": "https://embedtv-0.icu/aparecida",
    "category": "Religioso",
    "logo": "aparecida_logo.png"
  },
  {
    "id": "band",
    "name": "Band",
    "embedUrl": "https://embedtv-0.icu/band",
    "category": "Abertos",
    "logo": "band_logo.png"
  },
  {
    "id": "bandnews",
    "name": "Band News",
    "embedUrl": "https://embedtv-0.icu/bandnews",
    "category": "Notícias",
    "logo": "bandnews_logo.png"
  },
  {
    "id": "bandsports",
    "name": "Band Sports",
    "embedUrl": "https://embedtv-0.icu/bandsports",
    "category": "Esportes",
    "logo": "bandsports_logo.png"
  },
  {
    "id": "cancaonova",
    "name": "Canção Nova",
    "embedUrl": "https://embedtv-0.icu/cancaonova",
    "category": "Religioso",
    "logo": "cancaonova_logo.png"
  },
  {
    "id": "cartoonnetwork",
    "name": "Cartoon Network",
    "embedUrl": "https://embedtv-0.icu/cartoonnetwork",
    "category": "Infantil",
    "logo": "cartoonnetwork_logo.png"
  },
  {
    "id": "cinemax",
    "name": "Cinemax",
    "embedUrl": "https://embedtv-0.icu/cinemax",
    "category": "Filmes e Séries",
    "logo": "cinemax_logo.png"
  },
  {
    "id": "cnn",
    "name": "CNN Brasil",
    "embedUrl": "https://embedtv-0.icu/cnn",
    "category": "Notícias",
    "logo": "cnn_logo.png"
  },
  {
    "id": "combate",
    "name": "Combate",
    "embedUrl": "https://embedtv-0.icu/combate",
    "category": "Esportes",
    "logo": "combate_logo.png"
  },
  {
    "id": "comedycentral",
    "name": "Comedy Central",
    "embedUrl": "https://embedtv-0.icu/comedycentral",
    "category": "Entretenimento",
    "logo": "comedycentral_logo.png"
  },
  {
    "id": "curta",
    "name": "Curta",
    "embedUrl": "https://embedtv-0.icu/curta",
    "category": "Documentários",
    "logo": "curta_logo.png"
  },
  {
    "id": "dazn",
    "name": "DAZN",
    "embedUrl": "https://embedtv-0.icu/dazn",
    "category": "Esportes",
    "logo": "dazn_logo.png"
  },
  {
    "id": "dazn2",
    "name": "DAZN 2",
    "embedUrl": "https://embedtv-0.icu/dazn2",
    "category": "Esportes",
    "logo": "dazn2_logo.png"
  },
  {
    "id": "discovery",
    "name": "Discovery Channel",
    "embedUrl": "https://embedtv-0.icu/discovery",
    "category": "Documentários",
    "logo": "discovery_logo.png"
  },
  {
    "id": "discoveryhh",
    "name": "Discovery H&H",
    "embedUrl": "https://embedtv-0.icu/discoveryhh",
    "category": "Entretenimento",
    "logo": "discoveryhh_logo.png"
  },
  {
    "id": "discoverykids",
    "name": "Discovery Kids",
    "embedUrl": "https://embedtv-0.icu/discoverykids",
    "category": "Infantil",
    "logo": "discoverykids_logo.png"
  },
  {
    "id": "discoveryscience",
    "name": "Discovery Science",
    "embedUrl": "https://embedtv-0.icu/discoveryscience",
    "category": "Documentários",
    "logo": "discoveryscience_logo.png"
  },
  {
    "id": "discoverytheater",
    "name": "Discovery Theater",
    "embedUrl": "https://embedtv-0.icu/discoverytheater",
    "category": "Documentários",
    "logo": "discoverytheater_logo.png"
  },
  {
    "id": "discoveryturbo",
    "name": "Discovery Turbo",
    "embedUrl": "https://embedtv-0.icu/discoveryturbo",
    "category": "Documentários",
    "logo": "discoveryturbo_logo.png"
  },
  {
    "id": "discoveryworld",
    "name": "Discovery World",
    "embedUrl": "https://embedtv-0.icu/discoveryworld",
    "category": "Documentários",
    "logo": "discoveryworld_logo.png"
  },
  {
    "id": "disney",
    "name": "Disney Channel",
    "embedUrl": "https://embedtv-0.icu/disney",
    "category": "Infantil",
    "logo": "disney_logo.png"
  },
  {
    "id": "disneyjr",
    "name": "Disney Jr",
    "embedUrl": "https://embedtv-0.icu/disneyjr",
    "category": "Infantil",
    "logo": "disneyjr_logo.png"
  },
  {
    "id": "espn",
    "name": "ESPN",
    "embedUrl": "https://embedtv-0.icu/espn",
    "category": "Esportes",
    "logo": "espn_logo.png"
  },
  {
    "id": "espn2",
    "name": "ESPN 2",
    "embedUrl": "https://embedtv-0.icu/espn2",
    "category": "Esportes",
    "logo": "espn2_logo.png"
  },
  {
    "id": "espn3",
    "name": "ESPN 3",
    "embedUrl": "https://embedtv-0.icu/espn3",
    "category": "Esportes",
    "logo": "espn3_logo.png"
  },
  {
    "id": "espn4",
    "name": "ESPN 4",
    "embedUrl": "https://embedtv-0.icu/espn4",
    "category": "Esportes",
    "logo": "espn4_logo.png"
  },
  {
    "id": "espnextra",
    "name": "ESPN Extra",
    "embedUrl": "https://embedtv-0.icu/espnextra",
    "category": "Esportes",
    "logo": "espnextra_logo.png"
  },
  {
    "id": "fx",
    "name": "FX",
    "embedUrl": "https://embedtv-0.icu/fx",
    "category": "Filmes e Séries",
    "logo": "fx_logo.png"
  },
  {
    "id": "fashiontv",
    "name": "Fashion TV",
    "embedUrl": "https://embedtv-0.icu/fashiontv",
    "category": "Entretenimento",
    "logo": "fashiontv_logo.png"
  },
  {
    "id": "filmarts",
    "name": "Film & Arts",
    "embedUrl": "https://embedtv-0.icu/filmarts",
    "category": "Filmes e Séries",
    "logo": "filmarts_logo.png"
  },
  {
    "id": "foodnetwork",
    "name": "Food Network",
    "embedUrl": "https://embedtv-0.icu/foodnetwork",
    "category": "Entretenimento",
    "logo": "foodnetwork_logo.png"
  },
  {
    "id": "foxsports2",
    "name": "Fox Sports 2",
    "embedUrl": "https://embedtv-0.icu/foxsports2",
    "category": "Esportes",
    "logo": "foxsports2_logo.png"
  },
  {
    "id": "futura",
    "name": "Futura",
    "embedUrl": "https://embedtv-0.icu/futura",
    "category": "Educativo",
    "logo": "futura_logo.png"
  },
  {
    "id": "globo",
    "name": "Globo",
    "embedUrl": "https://embedtv-0.icu/globo",
    "category": "Abertos",
    "logo": "globo_logo.png"
  },
  {
    "id": "globonews",
    "name": "Globo News",
    "embedUrl": "https://embedtv-0.icu/globonews",
    "category": "Notícias",
    "logo": "globonews_logo.png"
  },
  {
    "id": "gloob",
    "name": "Gloob",
    "embedUrl": "https://embedtv-0.icu/gloob",
    "category": "Infantil",
    "logo": "gloob_logo.png"
  },
  {
    "id": "gnt",
    "name": "GNT",
    "embedUrl": "https://embedtv-0.icu/gnt",
    "category": "Entretenimento",
    "logo": "gnt_logo.png"
  },
  {
    "id": "hbo",
    "name": "HBO",
    "embedUrl": "https://embedtv-0.icu/hbo",
    "category": "Filmes e Séries",
    "logo": "hbo_logo.png"
  },
  {
    "id": "hbo2",
    "name": "HBO 2",
    "embedUrl": "https://embedtv-0.icu/hbo2",
    "category": "Filmes e Séries",
    "logo": "hbo2_logo.png"
  },
  {
    "id": "hbofamily",
    "name": "HBO Family",
    "embedUrl": "https://embedtv-0.icu/hbofamily",
    "category": "Filmes e Séries",
    "logo": "hbofamily_logo.png"
  },
  {
    "id": "hbomundi",
    "name": "HBO Mundi",
    "embedUrl": "https://embedtv-0.icu/hbomundi",
    "category": "Filmes e Séries",
    "logo": "hbomundi_logo.png"
  },
  {
    "id": "hboplus",
    "name": "HBO Plus",
    "embedUrl": "https://embedtv-0.icu/hboplus",
    "category": "Filmes e Séries",
    "logo": "hboplus_logo.png"
  },
  {
    "id": "hbopop",
    "name": "HBO Pop",
    "embedUrl": "https://embedtv-0.icu/hbopop",
    "category": "Filmes e Séries",
    "logo": "hbopop_logo.png"
  },
  {
    "id": "hbosignature",
    "name": "HBO Signature",
    "embedUrl": "https://embedtv-0.icu/hbosignature",
    "category": "Filmes e Séries",
    "logo": "hbosignature_logo.png"
  },
  {
    "id": "hboxtreme",
    "name": "HBO Xtreme",
    "embedUrl": "https://embedtv-0.icu/hboxtreme",
    "category": "Filmes e Séries",
    "logo": "hboxtreme_logo.png"
  },
  {
    "id": "history",
    "name": "History",
    "embedUrl": "https://embedtv-0.icu/history",
    "category": "Documentários",
    "logo": "history_logo.png"
  },
  {
    "id": "history2",
    "name": "History 2",
    "embedUrl": "https://embedtv-0.icu/history2",
    "category": "Documentários",
    "logo": "history2_logo.png"
  },
  {
    "id": "lifetime",
    "name": "Lifetime",
    "embedUrl": "https://embedtv-0.icu/lifetime",
    "category": "Entretenimento",
    "logo": "lifetime_logo.png"
  },
  {
    "id": "megapix",
    "name": "Megapix",
    "embedUrl": "https://embedtv-0.icu/megapix",
    "category": "Filmes e Séries",
    "logo": "megapix_logo.png"
  },
  {
    "id": "mtv",
    "name": "MTV",
    "embedUrl": "https://embedtv-0.icu/mtv",
    "category": "Entretenimento",
    "logo": "mtv_logo.png"
  },
  {
    "id": "multishow",
    "name": "Multishow",
    "embedUrl": "https://embedtv-0.icu/multishow",
    "category": "Entretenimento",
    "logo": "multishow_logo.png"
  },
  {
    "id": "natgeo",
    "name": "National Geographic",
    "embedUrl": "https://embedtv-0.icu/natgeo",
    "category": "Documentários",
    "logo": "natgeo_logo.png"
  },
  {
    "id": "nick",
    "name": "Nickelodeon",
    "embedUrl": "https://embedtv-0.icu/nick",
    "category": "Infantil",
    "logo": "nick_logo.png"
  },
  {
    "id": "nickjr",
    "name": "Nick Jr",
    "embedUrl": "https://embedtv-0.icu/nickjr",
    "category": "Infantil",
    "logo": "nickjr_logo.png"
  },
  {
    "id": "paramount",
    "name": "Paramount",
    "embedUrl": "https://embedtv-0.icu/paramount",
    "category": "Filmes e Séries",
    "logo": "paramount_logo.png"
  },
  {
    "id": "premiereclubes",
    "name": "Premiere Clubes",
    "embedUrl": "https://embedtv-0.icu/premiereclubes",
    "category": "Esportes",
    "logo": "premiereclubes_logo.png"
  },
  {
    "id": "premiere2",
    "name": "Premiere 2",
    "embedUrl": "https://embedtv-0.icu/premiere2",
    "category": "Esportes",
    "logo": "premiere2_logo.png"
  },
  {
    "id": "premiere3",
    "name": "Premiere 3",
    "embedUrl": "https://embedtv-0.icu/premiere3",
    "category": "Esportes",
    "logo": "premiere3_logo.png"
  },
  {
    "id": "premiere4",
    "name": "Premiere 4",
    "embedUrl": "https://embedtv-0.icu/premiere4",
    "category": "Esportes",
    "logo": "premiere4_logo.png"
  },
  {
    "id": "premiere5",
    "name": "Premiere 5",
    "embedUrl": "https://embedtv-0.icu/premiere5",
    "category": "Esportes",
    "logo": "premiere5_logo.png"
  },
  {
    "id": "premiere6",
    "name": "Premiere 6",
    "embedUrl": "https://embedtv-0.icu/premiere6",
    "category": "Esportes",
    "logo": "premiere6_logo.png"
  },
  {
    "id": "premiere7",
    "name": "Premiere 7",
    "embedUrl": "https://embedtv-0.icu/premiere7",
    "category": "Esportes",
    "logo": "premiere7_logo.png"
  },
  {
    "id": "premiere8",
    "name": "Premiere 8",
    "embedUrl": "https://embedtv-0.icu/premiere8",
    "category": "Esportes",
    "logo": "premiere8_logo.png"
  },
  {
    "id": "primevideo",
    "name": "Prime Video",
    "embedUrl": "https://embedtv-0.icu/primevideo",
    "category": "Filmes e Séries",
    "logo": "primevideo_logo.png"
  },
  {
    "id": "primevideo2",
    "name": "Prime Video 2",
    "embedUrl": "https://embedtv-0.icu/primevideo2",
    "category": "Filmes e Séries",
    "logo": "primevideo2_logo.png"
  },
  {
    "id": "record",
    "name": "Record",
    "embedUrl": "https://embedtv-0.icu/record",
    "category": "Abertos",
    "logo": "record_logo.png"
  },
  {
    "id": "sbt",
    "name": "SBT Central",
    "embedUrl": "https://embedtv-0.icu/sbt",
    "category": "Abertos",
    "logo": "sbt_logo.png"
  },
  {
    "id": "sexyhot",
    "name": "Sexy Hot",
    "embedUrl": "https://embedtv-0.icu/sexyhot",
    "category": "Adulto",
    "logo": "sexyhot_logo.png"
  },
  {
    "id": "sonychannel",
    "name": "Sony Channel",
    "embedUrl": "https://embedtv-0.icu/sonychannel",
    "category": "Filmes e Séries",
    "logo": "sonychannel_logo.png"
  },
  {
    "id": "space",
    "name": "Space",
    "embedUrl": "https://embedtv-0.icu/space",
    "category": "Filmes e Séries",
    "logo": "space_logo.png"
  },
  {
    "id": "sportv",
    "name": "SporTV",
    "embedUrl": "https://embedtv-0.icu/sportv",
    "category": "Esportes",
    "logo": "sportv_logo.png"
  },
  {
    "id": "sportv2",
    "name": "SporTV 2",
    "embedUrl": "https://embedtv-0.icu/sportv2",
    "category": "Esportes",
    "logo": "sportv2_logo.png"
  },
  {
    "id": "sportv3",
    "name": "SporTV 3",
    "embedUrl": "https://embedtv-0.icu/sportv3",
    "category": "Esportes",
    "logo": "sportv3_logo.png"
  },
  {
    "id": "sportv4",
    "name": "SporTV 4",
    "embedUrl": "https://embedtv-0.icu/sportv4",
    "category": "Esportes",
    "logo": "sportv4_logo.png"
  },
  {
    "id": "starchannel",
    "name": "Star Channel",
    "embedUrl": "https://embedtv-0.icu/starchannel",
    "category": "Filmes e Séries",
    "logo": "starchannel_logo.png"
  },
  {
    "id": "studiouniversal",
    "name": "Studio Universal",
    "embedUrl": "https://embedtv-0.icu/studiouniversal",
    "category": "Filmes e Séries",
    "logo": "studiouniversal_logo.png"
  },
  {
    "id": "tcm",
    "name": "TCM",
    "embedUrl": "https://embedtv-0.icu/tcm",
    "category": "Filmes e Séries",
    "logo": "tcm_logo.png"
  },
  {
    "id": "tlc",
    "name": "TLC",
    "embedUrl": "https://embedtv-0.icu/tlc",
    "category": "Entretenimento",
    "logo": "tlc_logo.png"
  },
  {
    "id": "tnt",
    "name": "TNT",
    "embedUrl": "https://embedtv-0.icu/tnt",
    "category": "Filmes e Séries",
    "logo": "tnt_logo.png"
  },
  {
    "id": "tntnovelas",
    "name": "TNT Novelas",
    "embedUrl": "https://embedtv-0.icu/tntnovelas",
    "category": "Filmes e Séries",
    "logo": "tntnovelas_logo.png"
  },
  {
    "id": "tntseries",
    "name": "TNT Series",
    "embedUrl": "https://embedtv-0.icu/tntseries",
    "category": "Filmes e Séries",
    "logo": "tntseries_logo.png"
  },
  {
    "id": "telecineaction",
    "name": "Telecine Action",
    "embedUrl": "https://embedtv-0.icu/telecineaction",
    "category": "Filmes e Séries",
    "logo": "telecineaction_logo.png"
  },
  {
    "id": "telecinecult",
    "name": "Telecine Cult",
    "embedUrl": "https://embedtv-0.icu/telecinecult",
    "category": "Filmes e Séries",
    "logo": "telecinecult_logo.png"
  },
  {
    "id": "telecinefun",
    "name": "Telecine Fun",
    "embedUrl": "https://embedtv-0.icu/telecinefun",
    "category": "Filmes e Séries",
    "logo": "telecinefun_logo.png"
  },
  {
    "id": "telecinepipoca",
    "name": "Telecine Pipoca",
    "embedUrl": "https://embedtv-0.icu/telecinepipoca",
    "category": "Filmes e Séries",
    "logo": "telecinepipoca_logo.png"
  },
  {
    "id": "telecinepremium",
    "name": "Telecine Premium",
    "embedUrl": "https://embedtv-0.icu/telecinepremium",
    "category": "Filmes e Séries",
    "logo": "telecinepremium_logo.png"
  },
  {
    "id": "telecinetouch",
    "name": "Telecine Touch",
    "embedUrl": "https://embedtv-0.icu/telecinetouch",
    "category": "Filmes e Séries",
    "logo": "telecinetouch_logo.png"
  },
  {
    "id": "ufcfightpass",
    "name": "UFC Fight Pass",
    "embedUrl": "https://embedtv-0.icu/ufcfightpass",
    "category": "Esportes",
    "logo": "ufcfightpass_logo.png"
  },
  {
    "id": "universaltv",
    "name": "Universal",
    "embedUrl": "https://embedtv-0.icu/universaltv",
    "category": "Filmes e Séries",
    "logo": "universaltv_logo.png"
  },
  {
    "id": "viva",
    "name": "VIVA",
    "embedUrl": "https://embedtv-0.icu/viva",
    "category": "Entretenimento",
    "logo": "viva_logo.png"
  },
  {
    "id": "warnerchannel",
    "name": "Warner Channel",
    "embedUrl": "https://embedtv-0.icu/warnerchannel",
    "category": "Filmes e Séries",
    "logo": "warnerchannel_logo.png"
  },
  {
    "id": "off",
    "name": "OFF",
    "embedUrl": "https://embedtv-0.icu/off",
    "category": "Esportes",
    "logo": "off_logo.png"
  }
]
